                  epoch,         train/box_loss,         train/seg_loss,         train/cls_loss,         train/dfl_loss,   metrics/precision(B),      metrics/recall(B),       metrics/mAP50(B),    metrics/mAP50-95(B),   metrics/precision(M),      metrics/recall(M),       metrics/mAP50(M),    metrics/mAP50-95(M),           val/box_loss,           val/seg_loss,           val/cls_loss,           val/dfl_loss,                 lr/pg0,                 lr/pg1,                 lr/pg2
                      0,                 3.8177,                 7.9299,                 4.2561,                  4.228,                      0,                      0,                      0,                      0,                      0,                      0,                      0,                      0,                 3.9591,                 5.1691,                 3.9869,                 4.1589,                 0.0964,                 0.0004,                 0.0004
                      1,                 3.9195,                  7.226,                 4.2583,                  4.228,                      0,                      0,                      0,                      0,                      0,                      0,                      0,                      0,                 3.9609,                 5.1687,                 3.9866,                 4.1588,               0.091896,             0.00089554,             0.00089554
                      2,                 3.8108,                 6.6629,                 4.2419,                 4.2031,                      0,                      0,                      0,                      0,                      0,                      0,                      0,                      0,                 3.9554,                 5.1656,                 3.9834,                 4.1562,               0.087386,              0.0013861,              0.0013861
                      3,                 3.8316,                 5.7455,                 4.2404,                 4.1776,                      0,                      0,                      0,                      0,                      0,                      0,                      0,                      0,                 3.9472,                 5.1595,                 3.9796,                 4.1512,               0.082872,              0.0018718,              0.0018718
                      4,                 3.9772,                 5.4989,                 4.2587,                 4.1609,                      0,                      0,                      0,                      0,                      0,                      0,                      0,                      0,                 3.9423,                 5.1547,                 3.9769,                 4.1458,               0.078352,              0.0023525,              0.0023525
                      5,                 3.8624,                 5.2224,                 4.2341,                 4.1431,                      0,                      0,                      0,                      0,                      0,                      0,                      0,                      0,                 3.9385,                 5.1489,                  3.975,                 4.1403,               0.073828,              0.0028282,              0.0028282
                      6,                 3.8438,                 5.1275,                 4.2348,                  4.138,                      0,                      0,                      0,                      0,                      0,                      0,                      0,                      0,                 3.9171,                 5.1328,                 3.9655,                 4.1255,               0.069299,               0.003299,               0.003299
                      7,                  3.806,                 5.0629,                 4.1826,                 4.1103,                      0,                      0,                      0,                      0,                      0,                      0,                      0,                      0,                  3.895,                 5.1014,                 3.9651,                 4.1071,               0.064765,              0.0037649,              0.0037649
                      8,                  3.719,                 5.0431,                 4.1613,                 4.0815,                      0,                      0,                      0,                      0,                      0,                      0,                      0,                      0,                 3.8462,                 5.0531,                 3.9543,                 4.0698,               0.060226,              0.0042258,              0.0042258
                      9,                 3.6706,                 5.0374,                 4.0846,                 4.0509,                      0,                      0,                      0,                      0,                      0,                      0,                      0,                      0,                 3.8143,                 5.0296,                 3.9408,                  4.041,               0.055682,              0.0046817,              0.0046817
                     10,                 3.7263,                 5.0264,                 4.0398,                 4.0034,                      0,                      0,                      0,                      0,                      0,                      0,                      0,                      0,                 3.7346,                 5.0199,                 3.9274,                 3.9797,               0.051133,              0.0051327,              0.0051327
                     11,                 3.6864,                 5.0128,                 3.9912,                 3.9564,                      0,                      0,                      0,                      0,                      0,                      0,                      0,                      0,                 3.6557,                 5.0003,                 3.9535,                 3.9306,               0.046579,              0.0055787,              0.0055787
                     12,                 3.4637,                 4.9856,                 3.8926,                 3.9117,                0.00794,                0.58975,                0.06382,                0.01901,                0.00132,                0.13653,                0.00725,                0.00084,                  3.606,                  4.968,                 4.0912,                 3.8709,                0.04202,              0.0060198,              0.0060198
                     13,                 3.3858,                 5.0349,                 3.8061,                 3.8493,                  0.008,                0.59716,                0.07077,                0.02125,                0.00144,                0.15255,                0.00998,                 0.0011,                 3.5742,                 4.9679,                 4.0498,                  3.831,               0.037456,               0.006456,               0.006456
                     14,                 3.4246,                 4.9905,                 3.7264,                 3.7793,                0.00807,                0.60328,                0.04999,                0.01848,                0.00149,                 0.1577,                0.00307,                0.00045,                 3.5451,                 4.9647,                 3.9915,                 3.7831,               0.032887,              0.0068872,              0.0068872
                     15,                 3.3441,                 4.9616,                 3.6378,                 3.7191,                0.00787,                0.44362,                0.05408,                0.02062,                0.00113,                0.15512,                0.00235,                0.00032,                 3.5302,                 4.9533,                 3.9825,                 3.7542,               0.028313,              0.0073134,              0.0073134
                     16,                  3.352,                 4.9845,                 3.5269,                 3.6776,                 0.0117,                0.41991,                0.04412,                0.01488,                0.00138,                0.16285,                0.00282,                0.00043,                 3.4938,                 4.9416,                 3.9636,                 3.6986,               0.023735,              0.0077347,              0.0077347
                     17,                 3.2889,                  4.967,                 3.4596,                 3.6416,                0.00947,                0.56719,                0.05556,                0.01849,                0.00132,                0.16801,                0.00633,                0.00074,                 3.4905,                  4.917,                 3.8964,                 3.6964,               0.019151,              0.0081511,              0.0081511
                     18,                 3.2882,                 4.9248,                 3.5266,                 3.6125,                0.00793,                0.42206,                 0.0093,                0.00336,                0.00099,                0.13028,                0.00085,                0.00014,                 3.5175,                  4.885,                 3.8441,                 3.5973,               0.014562,              0.0085625,              0.0085625
                     19,                 3.3833,                 4.9957,                 3.5434,                 3.6693,                0.00838,                0.60915,                0.01504,                 0.0052,                0.00133,                0.15255,                0.00156,                0.00025,                  3.534,                 4.8958,                 3.9234,                 3.7426,              0.0099689,              0.0089689,              0.0089689
                     20,                 3.2143,                 4.8658,                  3.424,                 3.5213,                0.00709,                0.51773,                0.01404,                0.00462,                0.00133,                0.18402,                 0.0015,                0.00025,                 3.5731,                 4.8915,                   3.75,                 3.5664,                0.00901,                0.00901,                0.00901
                     21,                 3.1639,                 4.8838,                  3.447,                 3.4691,                0.00722,                0.49983,                 0.0083,                0.00279,                0.00112,                0.15973,                0.00119,                 0.0002,                 3.6001,                 4.9156,                  3.795,                 3.5583,                0.00901,                0.00901,                0.00901
                     22,                 3.2647,                 4.9616,                 3.4013,                 3.4719,                0.00769,                0.47061,                0.00977,                0.00307,                 0.0007,                0.10786,                0.00057,                  8e-05,                 3.5962,                 4.9047,                 3.7163,                 3.4891,              0.0089605,              0.0089605,              0.0089605
                     23,                 3.1822,                  4.819,                 3.3364,                 3.4183,                0.00769,                0.47061,                0.00977,                0.00307,                 0.0007,                0.10786,                0.00057,                  8e-05,                 3.5783,                 5.5125,                 3.5955,                 3.4102,               0.008911,               0.008911,               0.008911
                     24,                 3.1867,                 4.8112,                 3.3563,                 3.3724,                0.00868,                0.42374,                0.00704,                0.00188,                  4e-05,                0.00313,                  2e-05,                      0,                 3.6566,                  6.119,                 3.8352,                 3.5744,              0.0088615,              0.0088615,              0.0088615
                     25,                 3.1607,                 4.7056,                 3.2919,                 3.3431,                0.00868,                0.42374,                0.00704,                0.00188,                  4e-05,                0.00313,                  2e-05,                      0,                 3.5831,                 4.9612,                 3.7781,                 3.4721,               0.008812,               0.008812,               0.008812
                     26,                 3.0028,                 4.6264,                 3.2287,                 3.3453,                0.00868,                0.42374,                0.00704,                0.00188,                  4e-05,                0.00313,                  2e-05,                      0,                  3.596,                 5.4708,                  3.966,                 3.5386,              0.0087625,              0.0087625,              0.0087625
                     27,                  3.031,                 4.4867,                 3.2127,                 3.3181,                0.00869,                0.58214,                0.01183,                0.00339,                0.00044,                0.03476,                0.00026,                  4e-05,                  3.572,                 5.2355,                 3.8349,                 3.4469,               0.008713,               0.008713,               0.008713
                     28,                 2.9408,                 4.5233,                 3.1945,                 3.2693,                 0.0105,                0.69896,                0.02534,                0.00719,                0.25909,                0.01289,                0.00808,                0.00221,                 3.2024,                 4.6277,                 3.5629,                 3.3199,              0.0086635,              0.0086635,              0.0086635
                     29,                 2.9609,                 4.3496,                 3.1434,                 3.2151,                0.02796,                0.29015,                0.02872,                0.00833,                0.00345,                0.01334,                0.00082,                 0.0002,                 2.9776,                 4.4979,                 3.7173,                 3.3142,               0.008614,               0.008614,               0.008614
                     30,                 2.8261,                 4.3142,                 3.1132,                 3.2196,                0.27549,                0.11598,                0.04518,                0.01789,                0.26696,                0.06443,                0.01419,                0.00309,                 2.8732,                 4.7257,                 3.5446,                 3.3922,              0.0085645,              0.0085645,              0.0085645
                     31,                 2.8479,                  4.173,                 3.0844,                 3.1776,                0.58037,                0.10567,                0.10349,                0.03991,                0.57106,                0.10567,                0.05688,                0.01459,                 2.6362,                 4.7602,                 3.6132,                 3.2809,               0.008515,               0.008515,               0.008515
                     32,                 2.8718,                 4.1341,                 3.1058,                 3.1881,                0.32004,                0.13082,                0.07039,                0.02283,                0.30034,                0.06831,                0.02179,                0.00484,                 2.8251,                 4.8505,                 3.8755,                 3.1761,              0.0084655,              0.0084655,              0.0084655
                     33,                 2.7542,                 4.1507,                 3.0449,                 3.1476,                0.54299,                0.11311,                0.03427,                0.01303,                0.54196,                0.07072,                0.02301,                0.00599,                 2.6823,                 5.0728,                 4.2062,                 3.1912,               0.008416,               0.008416,               0.008416
                     34,                 2.7852,                 4.0749,                 3.0531,                 3.1038,                0.64098,                0.15749,                0.14858,                0.06333,                0.53342,                0.05851,                0.02103,                0.00447,                  2.565,                 4.9754,                 3.6696,                 3.0166,              0.0083665,              0.0083665,              0.0083665
                     35,                  2.804,                 4.1628,                 3.0487,                 3.0775,                0.66744,                0.11503,                0.15175,                0.07278,                0.51375,                0.00709,                0.00299,                0.00043,                 2.7213,                 4.7478,                 3.9154,                 3.0949,               0.008317,               0.008317,               0.008317
                     36,                 2.6393,                 4.0446,                 2.9743,                 3.1071,                0.66744,                0.11503,                0.15175,                0.07278,                0.51375,                0.00709,                0.00299,                0.00043,                 2.7446,                  5.408,                 3.9243,                 3.1036,              0.0082675,              0.0082675,              0.0082675
                     37,                 2.6469,                 3.9455,                 2.9937,                 3.0265,                0.41811,                0.16662,                0.11372,                0.04818,                0.27313,                0.01418,                 0.0047,                0.00107,                 2.7525,                 4.6459,                 3.7505,                 3.0583,               0.008218,               0.008218,               0.008218
                     38,                  2.633,                 3.9399,                 2.9377,                 3.0062,                0.45851,                0.24726,                 0.1824,                0.09668,                0.25341,                0.01064,                0.00194,                0.00022,                  2.546,                 4.4652,                 4.1995,                 2.9484,              0.0081685,              0.0081685,              0.0081685
                     39,                 2.5769,                 3.8867,                 2.9535,                 2.9654,                0.45703,                0.29636,                0.22338,                0.11312,                 0.2613,                0.03546,                0.00523,                0.00066,                 2.4831,                 4.2068,                  4.384,                 2.9106,               0.008119,               0.008119,               0.008119
                     40,                 2.5633,                 3.8725,                 2.8481,                 2.9535,                0.49901,                0.28653,                0.20134,                0.10131,                0.27788,                0.03369,                0.01258,                0.00233,                 2.5608,                 4.1692,                 4.2908,                 2.8911,              0.0080695,              0.0080695,              0.0080695
                     41,                 2.4966,                 3.8034,                 2.8619,                 2.9125,                0.41868,                0.42543,                0.17841,                0.07867,                 0.2511,                0.00258,                0.00019,                  3e-05,                 2.5069,                 6.0842,                  6.221,                 2.9157,                0.00802,                0.00802,                0.00802
                     42,                 2.5394,                 3.7512,                 2.8602,                 2.8999,                 0.5264,                0.36291,                0.26564,                0.14069,                0.27152,                0.03901,                0.01135,                0.00212,                 2.3373,                 4.4689,                  3.699,                 2.6938,              0.0079705,              0.0079705,              0.0079705
                     43,                 2.5928,                 3.7859,                 2.8699,                 2.9509,                0.47967,                0.35395,                0.21137,                0.10507,                0.62449,                0.20686,                0.11931,                0.03552,                 2.2223,                 3.6135,                 3.4668,                 2.5658,               0.007921,               0.007921,               0.007921
                     44,                  2.495,                 3.7631,                 2.8659,                 2.8346,                0.52891,                0.34313,                0.25391,                0.12599,                0.44548,                0.20152,                0.15076,                0.04166,                  2.222,                 3.5642,                 3.1052,                 2.5177,              0.0078715,              0.0078715,              0.0078715
                     45,                 2.4549,                 3.6947,                  2.791,                 2.8219,                0.58621,                0.27279,                0.24177,                0.11628,                0.32518,                0.12505,                0.05576,                0.01173,                 2.2967,                 3.7518,                 3.3174,                 2.5175,               0.007822,               0.007822,               0.007822
                     46,                 2.3984,                 3.6695,                 2.7553,                  2.823,                0.54982,                0.36822,                0.21405,                0.10178,                0.69132,                0.15438,                0.13424,                0.03309,                 2.2229,                 3.7555,                 3.6892,                 2.4329,              0.0077725,              0.0077725,              0.0077725
                     47,                 2.4172,                 3.5736,                 2.7837,                 2.8084,                 0.5275,                0.35909,                0.25072,                0.12422,                0.45391,                0.15733,                0.12451,                0.02928,                 2.2673,                  3.841,                 3.6621,                   2.47,               0.007723,               0.007723,               0.007723
                     48,                 2.4038,                 3.6764,                 2.7643,                 2.7655,                0.50172,                0.40361,                0.26595,                0.13746,                0.32766,                0.24287,                0.07637,                0.01569,                 2.2399,                 3.8566,                 3.9984,                 2.4381,              0.0076735,              0.0076735,              0.0076735
                     49,                 2.2862,                 3.4567,                 2.7467,                 2.7608,                 0.5741,                0.38726,                0.29011,                0.13579,                0.39135,                 0.1737,                0.13213,                 0.0326,                 2.1135,                 3.6088,                 4.9024,                 2.3698,               0.007624,               0.007624,               0.007624
                     50,                 2.3962,                 3.3874,                 2.7104,                 2.7661,                0.43359,                0.23175,                0.15245,                0.06361,                0.28018,                0.06189,                0.01715,                0.00397,                 2.3968,                 4.1484,                 4.4132,                 2.5754,              0.0075745,              0.0075745,              0.0075745
                     51,                 2.3388,                 3.4789,                 2.6544,                 2.7291,                0.39487,                0.30649,                0.12366,                0.05209,                0.28925,                0.05496,                0.01972,                0.00448,                 2.4176,                 4.4937,                 4.2127,                 2.5802,               0.007525,               0.007525,               0.007525
                     52,                 2.3462,                 3.3368,                 2.6628,                 2.7306,                0.28974,                0.24633,                0.02934,                0.00973,                0.25661,                 0.0461,                0.00277,                0.00053,                 2.5629,                   4.28,                 5.9295,                 2.6937,              0.0074755,              0.0074755,              0.0074755
                     53,                 2.3133,                  3.477,                  2.673,                 2.6505,                0.63959,                0.20392,                0.19886,                0.08617,                0.59771,                0.09267,                0.06145,                0.01858,                 2.1658,                  3.682,                 3.9958,                 2.4241,               0.007426,               0.007426,               0.007426
                     54,                 2.2331,                 3.3361,                 2.6488,                 2.6375,                0.49934,                0.42218,                0.29473,                0.15077,                0.63011,                0.20898,                0.12211,                0.03761,                 2.0788,                 3.7262,                 4.9451,                 2.3884,              0.0073765,              0.0073765,              0.0073765
                     55,                  2.215,                  3.282,                 2.5039,                 2.6065,                0.66628,                0.28882,                0.28161,                0.13904,                0.66797,                0.21785,                0.17485,                0.06213,                 2.0748,                 3.3647,                 4.4496,                 2.3529,               0.007327,               0.007327,               0.007327
                     56,                  2.223,                 3.3889,                  2.648,                 2.6306,                0.51261,                0.41728,                0.30786,                 0.1573,                0.65055,                0.16902,                0.10621,                0.03028,                 2.1279,                 3.4073,                 4.3558,                 2.4003,              0.0072775,              0.0072775,              0.0072775
                     57,                 2.2449,                 3.3859,                 2.5463,                 2.6487,                0.68737,                0.23403,                0.30105,                0.14137,                0.68622,                0.18693,                0.17637,                0.07465,                 2.0656,                 3.1541,                 3.3108,                 2.2727,               0.007228,               0.007228,               0.007228
                     58,                  2.209,                 3.1562,                 2.5703,                 2.5896,                0.59772,                0.28883,                0.31558,                 0.1501,                0.48467,                0.20083,                0.18549,                0.07289,                 2.0442,                 3.7487,                  3.658,                 2.2637,              0.0071785,              0.0071785,              0.0071785
                     59,                 2.1222,                 3.3159,                 2.5108,                 2.5421,                0.54181,                0.31095,                0.33134,                0.15537,                0.46066,                0.20995,                0.18463,                0.05992,                 1.9334,                 3.0581,                 3.2754,                 2.1666,               0.007129,               0.007129,               0.007129
                     60,                 2.1547,                 3.4891,                 2.5155,                 2.5068,                0.53691,                0.31347,                0.27353,                0.12647,                0.42733,                0.26358,                0.17289,                0.05357,                 1.9681,                 3.1182,                 3.1047,                 2.1801,              0.0070795,              0.0070795,              0.0070795
                     61,                 2.1316,                  3.396,                 2.4729,                 2.5515,                0.50628,                0.36591,                0.28042,                0.13187,                0.42509,                 0.2099,                0.16498,                0.05373,                 1.9418,                 3.0741,                 3.0085,                 2.1563,                0.00703,                0.00703,                0.00703
                     62,                 2.0844,                 3.2231,                 2.4671,                 2.5139,                0.47991,                0.44021,                0.33279,                0.15482,                0.42147,                0.27254,                0.21674,                0.08347,                 1.8784,                 2.9031,                 2.9192,                 2.1537,              0.0069805,              0.0069805,              0.0069805
                     63,                 2.0525,                 3.2431,                 2.4204,                 2.4887,                0.52259,                0.45549,                0.32415,                 0.1589,                0.46456,                0.25344,                0.20503,                0.07326,                 1.8397,                 3.1495,                 2.8413,                 2.1252,               0.006931,               0.006931,               0.006931
                     64,                 2.0374,                 3.1997,                  2.437,                 2.4637,                0.52212,                 0.3993,                 0.3073,                0.15335,                0.71426,                0.22123,                0.18503,                0.07259,                 1.8506,                 2.8012,                  2.834,                 2.1336,              0.0068815,              0.0068815,              0.0068815
                     65,                 2.0264,                 3.1821,                  2.376,                 2.4514,                0.50421,                0.42086,                0.31222,                0.15693,                0.47231,                0.22478,                0.20317,                 0.0692,                  1.881,                 2.7903,                 2.6403,                 2.1281,               0.006832,               0.006832,               0.006832
                     66,                 2.0669,                 3.2813,                 2.4433,                 2.4331,                0.25083,                0.32365,                0.26054,                  0.129,                0.14479,                0.26007,                0.15344,                0.05504,                 1.9555,                 3.0938,                 2.6823,                 2.2036,              0.0067825,              0.0067825,              0.0067825
                     67,                 2.0101,                 3.1289,                  2.424,                 2.4563,                0.49946,                 0.4114,                0.29445,                0.15638,                0.41639,                0.32078,                0.19082,                0.06977,                 1.8619,                 2.8223,                 2.4517,                 2.1446,               0.006733,               0.006733,               0.006733
                     68,                 1.9626,                 3.0589,                 2.3597,                   2.46,                0.29905,                0.49106,                0.29837,                  0.143,                0.38341,                0.29194,                0.13899,                0.05002,                 1.9075,                 2.9047,                 2.8112,                 2.1669,              0.0066835,              0.0066835,              0.0066835
                     69,                  1.978,                  3.282,                 2.3881,                 2.4104,                 0.3196,                0.44753,                0.34282,                0.17561,                0.44271,                0.29182,                0.22337,                0.08418,                 1.7737,                 2.7724,                 2.5801,                 2.0567,               0.006634,               0.006634,               0.006634
                     70,                 2.0223,                 3.1089,                 2.3371,                 2.4126,                0.14839,                 0.4344,                0.20071,                0.08828,                0.14827,                 0.2433,                 0.1511,                0.05645,                 1.9748,                 3.1981,                 2.9819,                  2.169,              0.0065845,              0.0065845,              0.0065845
                     71,                 1.9729,                 3.2248,                 2.3474,                 2.3712,                0.22038,                0.42187,                0.25321,                0.11665,                0.06274,                0.12684,                0.05166,                0.01358,                 1.9962,                 3.5096,                 3.2159,                 2.2039,               0.006535,               0.006535,               0.006535
                     72,                 1.9728,                 3.0862,                 2.2793,                  2.327,                0.21702,                0.37723,                0.22876,                0.10023,                0.14817,                 0.1994,                0.14876,                0.05662,                 1.9757,                 3.5246,                 2.9155,                 2.1992,              0.0064855,              0.0064855,              0.0064855
                     73,                 1.9513,                 3.1328,                 2.2943,                 2.3356,                0.30501,                0.50454,                0.36934,                0.19016,                0.20765,                 0.2633,                0.24115,                0.10021,                 1.8035,                 2.7546,                 2.6462,                 2.0487,               0.006436,               0.006436,               0.006436
                     74,                 1.9629,                 3.0989,                 2.2748,                 2.3199,                0.33564,                0.45238,                0.35381,                0.18906,                0.20634,                 0.2736,                0.25263,                0.10431,                 1.7692,                  3.024,                  2.626,                 2.0328,              0.0063865,              0.0063865,              0.0063865
                     75,                 1.9229,                 3.0537,                 2.2081,                 2.3204,                0.34255,                0.38315,                0.33847,                0.16811,                0.21323,                0.29078,                 0.2501,                0.10695,                 1.8541,                 2.8174,                 2.5966,                 2.0924,               0.006337,               0.006337,               0.006337
                     76,                 1.9346,                 3.1393,                 2.2401,                 2.3139,                0.36102,                0.42174,                 0.3717,                 0.1898,                0.21422,                0.22172,                0.18239,                0.06291,                 1.8806,                 2.7378,                 2.4845,                 2.0946,              0.0062875,              0.0062875,              0.0062875
                     77,                 1.9075,                 2.9552,                 2.2496,                  2.311,                0.44152,                0.48117,                0.42481,                0.22332,                0.17414,                0.24675,                0.16282,                 0.0596,                 1.8573,                 2.9646,                 2.3317,                 2.0458,               0.006238,               0.006238,               0.006238
                     78,                 1.9497,                 3.1432,                 2.2446,                  2.314,                0.39832,                0.52474,                0.45985,                0.24678,                0.23933,                0.31021,                0.25415,                0.10491,                 1.7412,                 2.7367,                 2.2095,                 1.9567,              0.0061885,              0.0061885,              0.0061885
                     79,                 1.8156,                  3.052,                 2.2053,                 2.2681,                0.42867,                0.52208,                0.45866,                0.25403,                0.25436,                0.28184,                0.24628,                0.10314,                 1.7583,                 2.6092,                 2.2282,                 1.9467,               0.006139,               0.006139,               0.006139
                     80,                 1.8863,                 3.0189,                 2.1556,                 2.2348,                0.34175,                0.50884,                0.40899,                0.22517,                0.24548,                0.28163,                0.22968,                0.07874,                 1.6969,                 2.6341,                 2.4363,                 1.9172,              0.0060895,              0.0060895,              0.0060895
                     81,                 1.8427,                 3.1089,                 2.1732,                  2.246,                0.31149,                0.55443,                0.43419,                0.23888,                0.59756,                 0.2504,                0.26672,                0.11254,                 1.6988,                 2.5179,                 2.3814,                  1.903,                0.00604,                0.00604,                0.00604
                     82,                 1.8663,                 3.0237,                   2.16,                 2.1593,                0.38942,                0.52078,                0.46595,                0.24099,                0.32705,                0.26974,                0.27578,                0.12125,                 1.7758,                 2.6085,                 2.2295,                 1.9549,              0.0059905,              0.0059905,              0.0059905
                     83,                 1.8432,                 2.9664,                 2.1607,                 2.2078,                0.41946,                0.52693,                0.46636,                0.23702,                0.26958,                0.22716,                0.22897,                0.08792,                 1.7788,                 2.6591,                 2.2713,                 1.9407,               0.005941,               0.005941,               0.005941
                     84,                 1.8087,                  2.983,                 2.1382,                 2.2052,                 0.3749,                 0.4937,                0.41014,                0.19275,                0.09911,                0.15077,                 0.0771,                0.02014,                 1.9064,                 3.6077,                  2.882,                 2.0051,              0.0058915,              0.0058915,              0.0058915
                     85,                 1.7942,                 2.9451,                 2.1269,                 2.1866,                0.45157,                0.45879,                0.42069,                0.20973,                0.23023,                0.22316,                0.17803,                0.06165,                 1.8451,                 3.3018,                 2.5717,                 2.0513,               0.005842,               0.005842,               0.005842
                     86,                 1.7619,                 2.9235,                  2.073,                 2.1199,                0.39186,                0.52635,                0.45913,                0.24265,                0.30112,                0.26912,                0.29297,                0.12701,                  1.707,                 2.5577,                 2.3186,                  1.933,              0.0057925,              0.0057925,              0.0057925
                     87,                 1.7396,                 2.9856,                 2.0665,                 2.1539,                0.36082,                0.58366,                0.48527,                0.25782,                0.31413,                0.26269,                0.29292,                0.12105,                 1.6994,                 2.4182,                 2.2574,                 1.9148,               0.005743,               0.005743,               0.005743
                     88,                 1.7775,                 3.0683,                 2.0457,                 2.1692,                0.38536,                0.55844,                0.50281,                0.27501,                0.36829,                0.28563,                0.29871,                0.12313,                 1.6762,                 2.3997,                 2.2659,                  1.887,              0.0056935,              0.0056935,              0.0056935
                     89,                 1.7103,                 2.8357,                 2.0144,                 2.1065,                0.46684,                0.57053,                0.56148,                0.30273,                0.28433,                0.43772,                0.34621,                0.15034,                 1.6273,                  2.449,                 2.1565,                 1.8503,               0.005644,               0.005644,               0.005644
                     90,                 1.6952,                 2.8391,                 2.0206,                 2.1353,                0.44165,                0.58134,                0.52235,                0.28654,                0.36834,                0.32277,                0.33232,                0.14964,                 1.6213,                  2.373,                 2.1211,                  1.852,              0.0055945,              0.0055945,              0.0055945
                     91,                 1.8005,                 2.8864,                 2.0012,                 2.1237,                0.46659,                0.54791,                0.52548,                0.30067,                0.29502,                0.36525,                0.32329,                0.13957,                 1.6247,                 2.4641,                 1.9567,                 1.8542,               0.005545,               0.005545,               0.005545
                     92,                 1.7234,                 3.0055,                 1.9864,                 2.1051,                0.50114,                0.51688,                0.47138,                0.24332,                0.26069,                0.30378,                0.21865,                0.07355,                 1.7643,                 2.9802,                 2.1539,                 2.0063,              0.0054955,              0.0054955,              0.0054955
                     93,                 1.6896,                 2.7508,                 1.9403,                 2.1441,                0.50424,                0.46398,                0.41022,                0.21539,                 0.2963,                0.30374,                0.23786,                0.07982,                 1.8086,                 2.9303,                 2.2349,                 2.0848,               0.005446,               0.005446,               0.005446
                     94,                 1.6895,                 2.8106,                 1.9147,                 2.0955,                0.44785,                0.40296,                0.35398,                 0.1851,                0.27087,                0.26801,                0.20771,                0.07144,                 1.8917,                 3.0305,                 2.3978,                 2.1824,              0.0053965,              0.0053965,              0.0053965
                     95,                 1.6579,                  2.844,                 1.9426,                 2.1302,                0.49767,                0.59708,                0.57283,                0.33614,                0.32635,                0.44929,                0.35245,                0.16205,                 1.5488,                 2.5291,                      2,                 1.7925,               0.005347,               0.005347,               0.005347
                     96,                 1.6723,                 2.9939,                  1.911,                 2.0558,                0.47267,                0.50942,                0.46081,                0.26153,                0.18054,                0.24084,                0.19292,                0.06105,                 1.6911,                 3.1194,                 2.3239,                 1.8985,              0.0052975,              0.0052975,              0.0052975
                     97,                 1.6584,                 2.7828,                 1.9095,                 2.0832,                0.54843,                0.57332,                0.58562,                 0.3497,                0.35679,                0.37639,                0.35023,                 0.1628,                 1.5813,                 2.4502,                 1.9719,                 1.8071,               0.005248,               0.005248,               0.005248
                     98,                 1.7091,                 2.7016,                 1.9251,                 2.0604,                 0.5478,                0.58645,                0.56811,                0.32772,                0.32867,                0.38639,                0.32014,                0.15511,                 1.6059,                 2.5077,                 1.9596,                 1.8256,              0.0051985,              0.0051985,              0.0051985
                     99,                 1.6511,                 2.7332,                 1.8497,                 2.0772,                0.49882,                0.54345,                0.53435,                  0.307,                0.34072,                0.34745,                0.30701,                0.14476,                 1.6394,                 2.5154,                 2.0616,                 1.8559,               0.005149,               0.005149,               0.005149
                    100,                 1.6423,                  2.762,                  1.863,                 2.0398,                0.54217,                0.62126,                0.60008,                0.36141,                 0.3226,                0.40694,                 0.3271,                0.16533,                 1.5645,                 2.4233,                 1.8592,                 1.7905,              0.0050995,              0.0050995,              0.0050995
                    101,                 1.6348,                 2.7287,                  1.884,                 2.0353,                0.59461,                0.58967,                0.61406,                0.35664,                0.37461,                0.38247,                0.35204,                0.16054,                 1.5757,                 2.3969,                 1.8906,                 1.8016,                0.00505,                0.00505,                0.00505
                    102,                  1.576,                 2.6911,                 1.8366,                 2.0264,                0.55052,                0.61794,                0.59579,                0.36427,                0.37236,                0.37144,                0.35804,                0.16973,                 1.4966,                 2.3189,                  1.872,                 1.7439,              0.0050005,              0.0050005,              0.0050005
                    103,                  1.605,                 2.7389,                 1.8419,                 1.9773,                0.52103,                 0.6102,                0.59787,                0.33853,                0.35674,                0.35605,                0.29733,                0.12768,                 1.5607,                 2.4846,                 1.9121,                 1.7901,               0.004951,               0.004951,               0.004951
                    104,                 1.5759,                  2.817,                 1.8172,                 1.9821,                0.60395,                0.58397,                0.61564,                0.36884,                0.40924,                0.42337,                0.36194,                 0.1585,                 1.5575,                 2.4038,                 1.8596,                 1.7871,              0.0049015,              0.0049015,              0.0049015
                    105,                 1.6402,                 2.7605,                 1.8695,                 2.0337,                0.61856,                0.58599,                0.64385,                0.39104,                0.41027,                0.44736,                 0.3825,                0.17766,                  1.547,                 2.3377,                 1.8122,                 1.7801,               0.004852,               0.004852,               0.004852
                    106,                 1.5513,                  2.847,                 1.8245,                 2.0075,                0.53599,                0.61208,                0.59907,                0.35665,                0.35874,                 0.4188,                 0.3348,                0.16018,                 1.5556,                 2.3372,                 1.8174,                 1.7695,              0.0048025,              0.0048025,              0.0048025
                    107,                 1.5708,                 2.6897,                   1.82,                 1.9914,                0.54123,                0.55236,                0.56521,                0.35267,                0.36161,                0.43491,                0.37512,                0.17301,                 1.4904,                 2.3946,                 1.8456,                  1.744,               0.004753,               0.004753,               0.004753
                    108,                 1.5318,                 2.6761,                 1.7551,                 1.9888,                0.63061,                0.48508,                0.56486,                   0.34,                0.41481,                0.39875,                0.39566,                0.18554,                 1.5069,                  2.421,                 1.8506,                 1.7402,              0.0047035,              0.0047035,              0.0047035
                    109,                 1.5224,                 2.8075,                 1.7922,                 1.9605,                0.58578,                0.57671,                0.60956,                0.36884,                0.37622,                0.39577,                0.33805,                0.16642,                 1.4737,                 2.4399,                 1.8149,                 1.7219,               0.004654,               0.004654,               0.004654
                    110,                 1.5722,                 2.7822,                 1.8381,                 1.9536,                 0.5252,                0.63391,                0.60961,                0.36654,                0.29877,                0.39065,                0.33166,                0.16188,                 1.4615,                 2.4093,                 1.8106,                 1.7312,              0.0046045,              0.0046045,              0.0046045
                    111,                 1.5128,                 2.8475,                 1.7872,                 1.9786,                0.54104,                0.64327,                0.63301,                0.39878,                0.30836,                 0.4154,                0.34699,                0.15998,                 1.4776,                 2.3516,                 1.7352,                 1.7269,               0.004555,               0.004555,               0.004555
                    112,                  1.519,                 2.6802,                 1.7407,                 1.9422,                0.57166,                0.59448,                0.62625,                0.40149,                0.35194,                0.38596,                0.33177,                0.16615,                  1.498,                  2.252,                 1.7294,                 1.7481,              0.0045055,              0.0045055,              0.0045055
                    113,                 1.5073,                 2.6551,                 1.7432,                 1.9511,                0.55432,                0.54691,                0.57215,                0.35315,                0.33347,                0.37535,                0.32841,                0.14984,                  1.522,                 2.5466,                 1.8855,                 1.7987,               0.004456,               0.004456,               0.004456
                    114,                 1.4819,                 2.7143,                 1.7558,                 1.9717,                0.48815,                0.52345,                0.56382,                0.34753,                0.33608,                0.34184,                 0.3176,                0.15055,                 1.5559,                 2.5366,                 1.9094,                  1.797,              0.0044065,              0.0044065,              0.0044065
                    115,                 1.5279,                 2.6585,                 1.7477,                 1.9402,                0.57958,                0.63897,                0.66597,                0.42645,                0.34741,                0.43725,                0.36023,                0.18534,                 1.4081,                    2.3,                 1.7396,                 1.6554,               0.004357,               0.004357,               0.004357
                    116,                 1.5218,                 2.6731,                 1.7611,                 1.9609,                0.64464,                0.66478,                0.69854,                0.44874,                0.40592,                0.45768,                0.41605,                0.19776,                 1.4097,                 2.2136,                 1.6625,                 1.6541,              0.0043075,              0.0043075,              0.0043075
                    117,                 1.5028,                 2.7038,                 1.6787,                 1.8967,                0.59357,                0.66542,                0.68421,                0.44315,                0.39791,                0.45218,                0.39543,                0.18043,                 1.3946,                 2.2022,                 1.6595,                 1.6361,               0.004258,               0.004258,               0.004258
                    118,                 1.5222,                 2.6712,                 1.7221,                 1.9199,                0.53918,                0.62074,                0.63404,                0.38291,                0.43419,                0.42214,                0.36685,                0.16026,                 1.4449,                 2.3065,                 1.7336,                 1.6664,              0.0042085,              0.0042085,              0.0042085
                    119,                 1.4328,                 2.4796,                 1.7023,                 1.8774,                0.58042,                0.64729,                0.68375,                0.43648,                0.44996,                0.42909,                0.40053,                0.18427,                 1.3996,                  2.134,                 1.5942,                 1.6264,               0.004159,               0.004159,               0.004159
                    120,                 1.4065,                  2.501,                 1.6454,                 1.8355,                0.60988,                0.65368,                0.67825,                0.42347,                0.39152,                0.47041,                0.42325,                0.18875,                 1.4086,                 2.0958,                 1.5757,                 1.6178,              0.0041095,              0.0041095,              0.0041095
                    121,                 1.4527,                 2.6565,                 1.7499,                 1.8921,                0.59428,                0.66608,                0.67953,                0.42518,                0.43951,                0.52616,                0.45475,                0.20835,                 1.4049,                 2.0678,                 1.5848,                 1.6222,                0.00406,                0.00406,                0.00406
                    122,                  1.527,                 2.7016,                 1.7158,                 1.9342,                0.61801,                0.59037,                0.65146,                0.40128,                0.39785,                0.39862,                0.38085,                 0.1737,                 1.4368,                 2.3836,                 1.6923,                 1.6557,              0.0040105,              0.0040105,              0.0040105
                    123,                 1.4085,                 2.5315,                 1.6478,                 1.8863,                0.57375,                0.58242,                0.61063,                0.36708,                0.37103,                0.39526,                0.34722,                0.15653,                 1.4902,                 2.6468,                  1.762,                 1.7047,               0.003961,               0.003961,               0.003961
                    124,                 1.4498,                 2.5998,                 1.6634,                  1.882,                0.67731,                0.62649,                0.69773,                0.46523,                0.52358,                 0.4452,                0.46177,                0.21682,                 1.3887,                 2.2735,                 1.5926,                  1.613,              0.0039115,              0.0039115,              0.0039115
                    125,                 1.4058,                 2.5379,                 1.6532,                 1.8894,                0.68861,                0.64478,                0.70309,                0.45247,                 0.4894,                0.51726,                0.48847,                0.23572,                 1.4065,                 2.2087,                 1.5602,                 1.6241,               0.003862,               0.003862,               0.003862
                    126,                  1.381,                  2.495,                 1.6065,                 1.8547,                 0.6699,                0.62807,                0.67789,                0.44596,                0.51072,                 0.4872,                0.46414,                0.22169,                 1.3542,                 2.2708,                  1.584,                 1.6042,              0.0038125,              0.0038125,              0.0038125
                    127,                  1.411,                 2.5598,                 1.6208,                 1.8585,                0.64609,                0.64538,                0.68984,                0.45812,                0.52269,                0.40617,                0.44603,                0.22374,                 1.3253,                 2.0459,                 1.5505,                   1.58,               0.003763,               0.003763,               0.003763
                    128,                 1.4251,                 2.5238,                 1.6034,                 1.8798,                0.65371,                0.60819,                0.68872,                0.46323,                0.45278,                0.50056,                0.47547,                0.23738,                 1.3115,                 2.0419,                 1.5662,                 1.5776,              0.0037135,              0.0037135,              0.0037135
                    129,                   1.39,                 2.4601,                 1.6038,                 1.8166,                0.63831,                0.58269,                0.66048,                0.43292,                0.50301,                0.46464,                0.46963,                0.23028,                 1.3253,                  2.113,                 1.5823,                 1.5752,               0.003664,               0.003664,               0.003664
                    130,                 1.4247,                 2.7519,                 1.6434,                 1.8502,                0.50955,                0.60194,                0.61234,                0.39955,                0.44946,                 0.4163,                0.43481,                0.21917,                 1.3633,                 2.1051,                 1.6333,                 1.6061,              0.0036145,              0.0036145,              0.0036145
                    131,                 1.4352,                 2.5843,                 1.6375,                 1.8042,                0.51723,                0.60349,                0.60398,                0.38699,                 0.4349,                0.42531,                0.40529,                0.19611,                 1.4021,                   2.33,                 1.6673,                 1.6589,               0.003565,               0.003565,               0.003565
                    132,                 1.3906,                 2.4482,                 1.6046,                 1.8429,                  0.572,                0.63289,                0.65744,                0.42335,                0.41735,                0.46114,                0.42973,                0.20774,                 1.3255,                 2.1528,                 1.5409,                 1.5869,              0.0035155,              0.0035155,              0.0035155
                    133,                 1.3141,                 2.4132,                  1.572,                 1.8183,                0.65753,                0.63594,                0.70978,                0.46163,                0.53766,                0.44126,                0.46367,                0.22977,                 1.3233,                 2.0991,                 1.5138,                 1.5897,               0.003466,               0.003466,               0.003466
                    134,                 1.3834,                 2.5176,                 1.6027,                 1.8175,                0.64423,                 0.6362,                0.72197,                0.47917,                0.53565,                0.47826,                0.51581,                0.24058,                 1.2885,                 2.1329,                 1.5154,                 1.5408,              0.0034165,              0.0034165,              0.0034165
                    135,                 1.3889,                 2.5835,                 1.5934,                 1.8484,                0.69457,                0.62787,                0.71168,                0.46568,                0.48844,                0.54979,                0.50941,                0.24862,                 1.2874,                 2.2064,                 1.5309,                 1.5424,               0.003367,               0.003367,               0.003367
                    136,                 1.3396,                 2.5537,                 1.5742,                 1.8239,                 0.5982,                0.66134,                0.68029,                0.42989,                 0.4699,                0.49396,                0.46143,                0.20951,                 1.3669,                 2.4135,                 1.5966,                 1.5996,              0.0033175,              0.0033175,              0.0033175
                    137,                 1.3357,                  2.354,                 1.5644,                 1.8111,                0.66857,                0.70996,                0.73633,                0.46904,                0.49696,                0.57064,                 0.5111,                0.24837,                 1.3602,                 2.2108,                 1.4958,                 1.6106,               0.003268,               0.003268,               0.003268
                    138,                 1.3352,                 2.4008,                 1.5276,                 1.7956,                0.69729,                0.69752,                0.72964,                0.45958,                0.53636,                0.58585,                0.52351,                0.25442,                 1.3377,                 2.1389,                 1.5113,                 1.5997,              0.0032185,              0.0032185,              0.0032185
                    139,                 1.2999,                 2.3792,                 1.5432,                 1.8035,                0.68877,                0.69119,                0.74069,                0.47603,                0.54747,                0.55711,                0.54265,                0.25522,                 1.2848,                 2.1861,                    1.5,                 1.5523,               0.003169,               0.003169,               0.003169
                    140,                 1.2986,                 2.3783,                 1.5376,                 1.7627,                0.65927,                0.69713,                0.72917,                0.46283,                0.50581,                 0.5451,                0.50017,                0.23099,                 1.3212,                 2.1421,                 1.5066,                 1.5792,              0.0031195,              0.0031195,              0.0031195
                    141,                 1.3347,                 2.4921,                 1.5478,                 1.7757,                0.66578,                0.69529,                0.70757,                0.45618,                0.49904,                0.51041,                0.47615,                0.21904,                 1.2856,                 2.1245,                 1.4957,                 1.5454,                0.00307,                0.00307,                0.00307
                    142,                 1.3478,                  2.436,                  1.555,                 1.8029,                0.68765,                0.66244,                0.71486,                0.45483,                0.54544,                0.51726,                0.48781,                0.22278,                 1.3396,                 2.1773,                 1.5282,                 1.5982,              0.0030205,              0.0030205,              0.0030205
                    143,                  1.333,                 2.3292,                 1.5509,                 1.7965,                0.69664,                0.72103,                0.74577,                0.49704,                0.57919,                0.56077,                0.53545,                0.26852,                 1.3258,                 2.0142,                  1.443,                  1.582,               0.002971,               0.002971,               0.002971
                    144,                 1.2923,                 2.3852,                 1.4735,                 1.7447,                0.73966,                0.74096,                0.77435,                0.52222,                0.56125,                0.58838,                0.54269,                0.28177,                 1.2503,                 1.9786,                 1.4125,                 1.5291,              0.0029215,              0.0029215,              0.0029215
                    145,                 1.3321,                 2.2522,                  1.484,                 1.8048,                 0.6821,                0.73201,                 0.7608,                0.53601,                0.54385,                 0.5643,                0.54601,                0.27504,                 1.2572,                 1.9887,                 1.4129,                 1.5228,               0.002872,               0.002872,               0.002872
                    146,                  1.249,                 2.4294,                 1.4571,                 1.7256,                0.70023,                0.72189,                0.73755,                0.51465,                0.51471,                0.59428,                0.52743,                 0.2827,                 1.2424,                 2.0235,                 1.4295,                 1.5023,              0.0028225,              0.0028225,              0.0028225
                    147,                  1.307,                 2.3806,                  1.499,                 1.7522,                0.69334,                0.72678,                0.76032,                0.52866,                0.52987,                0.60182,                0.54946,                0.28489,                 1.2764,                 1.9437,                 1.4146,                 1.5236,               0.002773,               0.002773,               0.002773
                    148,                 1.2553,                 2.4429,                 1.5153,                 1.7482,                 0.7071,                0.71351,                0.77227,                0.52013,                 0.5428,                0.57551,                0.56029,                0.29064,                 1.3826,                 1.9706,                 1.4251,                 1.5659,              0.0027235,              0.0027235,              0.0027235
                    149,                  1.237,                 2.3312,                 1.4503,                 1.7392,                0.69611,                0.69411,                0.76371,                0.53571,                0.51834,                0.54823,                0.53595,                0.28023,                 1.2716,                 1.9497,                 1.3916,                 1.5286,               0.002674,               0.002674,               0.002674
                    150,                 1.2996,                 2.4034,                 1.5119,                 1.7552,                0.69536,                0.71252,                0.76341,                0.52793,                0.50258,                  0.582,                0.52233,                0.26761,                 1.2447,                 1.9682,                 1.3921,                 1.5186,              0.0026245,              0.0026245,              0.0026245
                    151,                 1.3054,                 2.4431,                 1.5105,                 1.7815,                0.70869,                0.71325,                0.76799,                0.53731,                0.57737,                 0.5784,                0.56261,                0.28073,                 1.2204,                 1.9986,                 1.3741,                  1.499,               0.002575,               0.002575,               0.002575
                    152,                 1.2494,                 2.3772,                 1.4562,                 1.7213,                0.72315,                0.66803,                0.74825,                0.52624,                 0.5944,                0.57133,                0.55836,                0.28567,                 1.2188,                 1.9844,                 1.4056,                 1.5026,              0.0025255,              0.0025255,              0.0025255
                    153,                 1.2888,                 2.3297,                 1.4635,                 1.7692,                  0.738,                0.63394,                0.74219,                 0.5265,                0.57463,                0.53609,                0.54199,                0.28516,                 1.2006,                 2.0115,                 1.4319,                 1.4932,               0.002476,               0.002476,               0.002476
                    154,                 1.2859,                 2.2783,                 1.4878,                 1.7257,                0.67967,                0.62753,                0.70562,                0.49324,                0.56117,                0.50189,                0.51358,                0.26388,                 1.2747,                 2.1717,                 1.5219,                 1.5458,              0.0024265,              0.0024265,              0.0024265
                    155,                 1.2831,                 2.3689,                  1.459,                 1.7436,                0.66954,                0.64465,                0.72233,                0.50121,                0.50851,                 0.5417,                0.53231,                0.27514,                  1.263,                 2.1252,                 1.4908,                 1.5414,               0.002377,               0.002377,               0.002377
                    156,                 1.2883,                 2.4303,                 1.4899,                 1.7573,                0.70529,                0.66928,                0.75016,                0.53444,                0.54118,                  0.555,                0.55622,                0.30044,                 1.2141,                 2.0229,                 1.4194,                 1.5107,              0.0023275,              0.0023275,              0.0023275
                    157,                 1.2651,                 2.2968,                 1.4764,                 1.7329,                0.71065,                0.72168,                0.78768,                0.56158,                0.55941,                0.59066,                0.57471,                0.31136,                 1.1868,                 1.9356,                  1.364,                  1.483,               0.002278,               0.002278,               0.002278
                    158,                 1.2863,                 2.3426,                  1.483,                 1.7365,                0.79292,                0.69434,                0.78941,                0.55353,                0.63366,                0.57152,                0.59054,                0.31745,                 1.1856,                  1.976,                 1.3451,                  1.481,              0.0022285,              0.0022285,              0.0022285
                    159,                 1.2726,                 2.2629,                 1.4678,                 1.7512,                0.75215,                0.70493,                0.78874,                0.56159,                0.66871,                0.55738,                0.59648,                0.31648,                 1.1727,                 1.9707,                 1.3489,                 1.4678,               0.002179,               0.002179,               0.002179
                    160,                 1.2457,                 2.4834,                 1.4459,                 1.7016,                0.70254,                0.72889,                 0.7833,                0.55133,                0.58456,                0.58646,                 0.5753,                0.28931,                 1.1876,                 2.0108,                 1.3743,                 1.4781,              0.0021295,              0.0021295,              0.0021295
                    161,                 1.2723,                 2.3805,                 1.4522,                 1.7058,                0.66956,                0.76159,                0.78329,                0.56402,                0.55615,                0.60385,                0.57032,                0.29396,                 1.1794,                 2.0459,                 1.3744,                 1.4858,                0.00208,                0.00208,                0.00208
                    162,                 1.2545,                  2.316,                 1.4634,                 1.7009,                0.69084,                0.73886,                0.78932,                0.56751,                0.57928,                0.58537,                0.57573,                0.29384,                 1.1836,                 2.0341,                 1.3775,                 1.4827,              0.0020305,              0.0020305,              0.0020305
                    163,                 1.2277,                 2.3387,                 1.4227,                 1.6796,                0.67987,                 0.7234,                0.77153,                0.52955,                0.53722,                0.56996,                0.53206,                0.26408,                 1.2314,                 2.0595,                 1.4202,                 1.5159,               0.001981,               0.001981,               0.001981
                    164,                 1.2601,                 2.3289,                 1.4303,                 1.7008,                0.72354,                0.74145,                0.78812,                0.56234,                 0.5983,                0.53833,                0.56306,                0.28666,                 1.1568,                 1.9926,                 1.3405,                 1.4585,              0.0019315,              0.0019315,              0.0019315
                    165,                 1.2554,                 2.2231,                 1.4713,                 1.7364,                0.73437,                0.71461,                0.80223,                0.57728,                0.62842,                0.55259,                0.58349,                0.30381,                 1.1364,                  1.898,                 1.3108,                 1.4358,               0.001882,               0.001882,               0.001882
                    166,                 1.2419,                  2.274,                  1.436,                 1.7328,                 0.7774,                0.70025,                  0.808,                0.59269,                0.63833,                0.55858,                0.59704,                0.34001,                 1.1255,                 1.8111,                 1.2837,                 1.4201,              0.0018325,              0.0018325,              0.0018325
                    167,                 1.2085,                 2.2307,                 1.4256,                 1.6959,                0.73225,                0.70943,                0.78566,                 0.5729,                0.57834,                0.60057,                0.59173,                0.33162,                  1.144,                 1.8733,                 1.2687,                 1.4356,               0.001783,               0.001783,               0.001783
                    168,                  1.206,                 2.1671,                 1.3932,                 1.6789,                0.74237,                0.72493,                0.79281,                0.57144,                0.56604,                0.59843,                0.58905,                0.32906,                 1.1544,                 1.9046,                 1.2804,                 1.4391,              0.0017335,              0.0017335,              0.0017335
                    169,                 1.2255,                 2.2887,                 1.4228,                 1.6927,                0.72718,                0.71311,                0.79282,                 0.5657,                0.53563,                0.58813,                0.58223,                0.32339,                 1.1475,                 1.9541,                 1.2999,                 1.4349,               0.001684,               0.001684,               0.001684
                    170,                 1.2108,                 2.1955,                 1.3802,                 1.6647,                0.69513,                0.72517,                0.78051,                0.54986,                0.52259,                0.59949,                 0.5662,                0.30366,                 1.1609,                 1.9743,                 1.3377,                 1.4496,              0.0016345,              0.0016345,              0.0016345
                    171,                   1.22,                 2.2373,                 1.4056,                 1.6945,                0.68237,                 0.7403,                0.78612,                0.55554,                0.51537,                0.59525,                0.56476,                  0.301,                 1.1492,                  1.932,                 1.3294,                 1.4468,               0.001585,               0.001585,               0.001585
                    172,                 1.2129,                 2.2972,                 1.3713,                 1.6594,                0.73913,                0.74737,                0.78853,                0.55501,                0.55489,                0.61455,                0.57037,                0.31118,                 1.1203,                 1.9012,                 1.3143,                 1.4226,              0.0015355,              0.0015355,              0.0015355
                    173,                 1.1817,                  2.263,                 1.3903,                 1.6244,                0.74131,                0.75936,                0.80107,                0.56355,                0.61391,                0.62117,                0.60118,                0.32502,                 1.1267,                 1.8954,                 1.3011,                 1.4136,               0.001486,               0.001486,               0.001486
                    174,                 1.2015,                 2.1757,                 1.3866,                 1.6646,                0.74651,                0.75864,                0.81034,                0.57151,                 0.6143,                0.62984,                0.61158,                0.33449,                 1.1265,                 1.8767,                 1.2879,                 1.4138,              0.0014365,              0.0014365,              0.0014365
                    175,                 1.2517,                 2.3296,                 1.4106,                 1.6761,                0.79695,                0.72735,                0.82457,                0.59077,                0.65841,                0.60851,                0.62585,                0.34444,                 1.1337,                 1.8524,                 1.2613,                 1.4258,               0.001387,               0.001387,               0.001387
                    176,                 1.1946,                 2.2725,                 1.3795,                 1.6861,                0.79167,                0.73282,                0.82286,                0.59096,                0.72274,                0.58987,                0.64696,                0.35065,                 1.1264,                 1.8921,                 1.2616,                 1.4264,              0.0013375,              0.0013375,              0.0013375
                    177,                 1.1878,                 2.2365,                 1.3709,                 1.6791,                0.77046,                0.72854,                0.82465,                 0.5916,                0.66714,                0.61968,                0.65048,                0.34804,                 1.1332,                 1.8793,                 1.2617,                 1.4245,               0.001288,               0.001288,               0.001288
                    178,                 1.1709,                  2.159,                 1.3416,                 1.6695,                0.76205,                0.74379,                 0.8225,                0.58866,                0.61526,                0.62248,                0.63074,                0.34358,                 1.1266,                 1.8346,                 1.2542,                 1.4087,              0.0012385,              0.0012385,              0.0012385
                    179,                 1.2113,                 2.1685,                 1.3867,                 1.6875,                0.73265,                0.73752,                0.81406,                0.58533,                0.62583,                0.61167,                0.61489,                0.33513,                 1.1038,                 1.8344,                 1.2415,                 1.3928,               0.001189,               0.001189,               0.001189
                    180,                 1.1836,                 2.1662,                 1.3659,                 1.6425,                 0.7592,                 0.7342,                0.81521,                0.58421,                  0.613,                0.59426,                0.59843,                0.32662,                  1.102,                 1.8404,                 1.2448,                 1.3924,              0.0011395,              0.0011395,              0.0011395
                    181,                 1.1852,                 2.2145,                 1.3714,                 1.6205,                0.71994,                 0.7335,                0.79978,                0.57341,                0.56906,                0.59978,                0.58705,                0.31294,                 1.1377,                  1.834,                 1.2723,                 1.4175,                0.00109,                0.00109,                0.00109
                    182,                  1.203,                 2.1856,                 1.3651,                 1.6842,                0.73698,                0.73245,                0.80502,                0.58173,                0.60341,                0.59561,                0.59496,                0.31873,                 1.1543,                 1.8503,                 1.2828,                 1.4309,              0.0010405,              0.0010405,              0.0010405
                    183,                 1.1962,                 2.2066,                 1.3674,                 1.6581,                0.74478,                0.73525,                0.80719,                0.58632,                  0.625,                0.59489,                0.59594,                0.32144,                 1.1421,                 1.8706,                 1.2651,                 1.4241,               0.000991,               0.000991,               0.000991
                    184,                 1.1926,                  2.073,                 1.3795,                 1.6373,                0.75205,                0.73707,                0.81422,                0.59863,                0.68948,                0.58467,                0.62092,                0.33062,                 1.1144,                 1.8497,                 1.2415,                 1.4054,              0.0009415,              0.0009415,              0.0009415
                    185,                  1.199,                 2.1955,                 1.3476,                 1.6346,                0.81776,                0.69229,                0.81991,                0.60691,                0.70256,                0.59696,                0.63027,                  0.337,                 1.0997,                 1.8492,                 1.2239,                 1.3912,               0.000892,               0.000892,               0.000892
                    186,                 1.1307,                 2.1445,                 1.3183,                 1.6008,                0.82537,                0.69229,                 0.8253,                0.60939,                0.70312,                0.58941,                0.62696,                0.34304,                 1.0852,                  1.836,                 1.2102,                 1.3835,              0.0008425,              0.0008425,              0.0008425
                    187,                 1.2383,                 2.2048,                 1.3901,                 1.6428,                 0.7736,                0.73014,                0.83044,                0.60613,                 0.6936,                0.60346,                0.63625,                0.33779,                 1.0812,                 1.8294,                 1.2117,                 1.3832,               0.000793,               0.000793,               0.000793
                    188,                  1.202,                 2.1023,                 1.3772,                 1.6534,                0.77059,                0.76522,                0.83444,                0.61114,                0.63629,                0.62933,                0.63149,                 0.3419,                  1.084,                 1.7919,                 1.2098,                 1.3922,              0.0007435,              0.0007435,              0.0007435
                    189,                  1.174,                 2.1993,                 1.3326,                 1.6522,                0.79403,                0.75974,                0.84307,                0.61709,                0.64575,                 0.6373,                 0.6393,                0.34669,                 1.0808,                 1.7703,                 1.2011,                 1.3925,               0.000694,               0.000694,               0.000694
                    190,                 1.1836,                 2.1631,                 1.5593,                 1.6215,                0.80055,                 0.7206,                0.84081,                0.61639,                0.62492,                0.64536,                0.61936,                0.34557,                 1.0989,                 1.7819,                 1.2293,                 1.4046,              0.0006445,              0.0006445,              0.0006445
                    191,                  1.293,                 2.0391,                 1.6036,                 1.5985,                 0.7577,                0.73981,                0.82553,                0.59209,                0.59845,                0.63881,                0.61337,                0.32716,                 1.1493,                  1.771,                 1.2949,                 1.4391,               0.000595,               0.000595,               0.000595
                    192,                 1.1751,                 1.9542,                 1.4417,                 1.5799,                0.71741,                0.78928,                0.81455,                0.57923,                0.58423,                0.63658,                0.60098,                 0.3181,                 1.1648,                 1.7863,                 1.3269,                 1.4554,              0.0005455,              0.0005455,              0.0005455
                    193,                 1.1439,                 1.9645,                 1.3982,                 1.5597,                0.69509,                0.78552,                0.80828,                0.56722,                0.56118,                0.63551,                0.59276,                0.31243,                 1.1735,                 1.7999,                  1.347,                 1.4643,               0.000496,               0.000496,               0.000496
                    194,                 1.1417,                 2.1392,                  1.413,                  1.587,                0.73108,                 0.7713,                0.82169,                   0.58,                0.59715,                0.64618,                0.61706,                 0.3209,                 1.1636,                 1.7732,                 1.3118,                  1.451,              0.0004465,              0.0004465,              0.0004465
                    195,                  1.109,                 2.1049,                 1.3932,                 1.5416,                0.71655,                0.78322,                0.82852,                0.58729,                0.59928,                0.65018,                0.61907,                0.32792,                 1.1524,                 1.7737,                 1.2936,                 1.4403,               0.000397,               0.000397,               0.000397
                    196,                 1.1647,                 1.9101,                 1.3919,                 1.5214,                 0.7344,                0.78503,                0.83931,                0.60696,                0.64849,                0.63222,                  0.639,                0.33946,                 1.1325,                 1.7746,                 1.2591,                 1.4191,              0.0003475,              0.0003475,              0.0003475
                    197,                 1.1275,                 2.0751,                 1.4041,                 1.5367,                0.76934,                0.76225,                0.84374,                0.61768,                0.65647,                0.62364,                0.62655,                0.34223,                 1.1229,                 1.7528,                 1.2369,                 1.4112,               0.000298,               0.000298,               0.000298
                    198,                 1.1435,                  2.032,                 1.3936,                 1.5267,                0.78417,                 0.7553,                0.84506,                 0.6213,                0.65694,                 0.6348,                 0.6316,                0.34387,                 1.1205,                 1.7408,                 1.2232,                  1.409,              0.0002485,              0.0002485,              0.0002485
                    199,                  1.071,                 2.0715,                  1.354,                 1.5114,                0.79212,                0.74925,                0.84916,                0.62371,                0.65839,                0.64753,                 0.6326,                 0.3459,                   1.12,                 1.7482,                  1.213,                 1.4091,               0.000199,               0.000199,               0.000199
